"date","value","topic","variable_short","variable_long","location","unit","source","update","public","description"
"2020-01-02",6272,"Wirtschaft","anz_kktrans_ch","Anzahl Kreditkarten-Transaktionen im Inland","CH","Anzahl in Tausend","Swiss Payment Association","wöchentlich","yes","http://monitoringconsumption.org/data"
"2020-01-02",531,"Wirtschaft","betrag_kktrans_ch","Betrag Kreditkarten-Transaktionen im Inland","CH","Mio. Fr.","Swiss Payment Association","wöchentlich","yes","http://monitoringconsumption.org/data"
"2020-01-02",4796,"Wirtschaft","anz_kktrans_ausl","Anzahl Kreditkarten-Transaktionen im Ausland","Ausland","Anzahl in Tausend","Swiss Payment Association","wöchentlich","yes","http://monitoringconsumption.org/data"
"2020-01-02",467,"Wirtschaft","betrag_kktrans_ausl","Betrag Kreditkarten-Transaktionen im Ausland","Ausland","Mio. Fr.","Swiss Payment Association","wöchentlich","yes","http://monitoringconsumption.org/data"
"2020-01-02",4411,"Wirtschaft","anz_kktrans_ch_praes","Anzahl Kreditkarten-Transaktionen Präsenzgeschäft im Inland insgesamt","CH","Anzahl in Tausend","Swiss Payment Association","wöchentlich","yes","http://monitoringconsumption.org/data"
"2020-01-02",2468,"Wirtschaft","anz_kktrans_ch_praes_contactless","Anzahl kontaktlose Kreditkarten-Transaktionen Präsenzgeschäft im Inland","CH","Anzahl in Tausend","Swiss Payment Association","wöchentlich","yes","http://monitoringconsumption.org/data"
"2020-01-02",363,"Wirtschaft","betrag_kktrans_ch_praes","Betrag Kreditkarten-Transaktionen Präsenzgeschäft im Inland insgesamt","CH","Mio. Fr.","Swiss Payment Association","wöchentlich","yes","http://monitoringconsumption.org/data"
"2020-01-02",136,"Wirtschaft","betrag_kktrans_ch_praes_contactless","Betrag kontaktlose Kreditkarten-Transaktionen Präsenzgeschäft im Inland","CH","Mio. Fr.","Swiss Payment Association","wöchentlich","yes","http://monitoringconsumption.org/data"
"2020-01-02",1860,"Wirtschaft","anz_kktrans_ch_distanz","Anzahl Kreditkarten-Transaktionen Distanzgeschäft im Inland","CH","Anzahl in Tausend","Swiss Payment Association","wöchentlich","yes","http://monitoringconsumption.org/data"
"2020-01-02",169,"Wirtschaft","betrag_kktrans_ch_distanz","Betrag Kreditkarten-Transaktionen Distanzgeschäft im Inland","CH","Mio. Fr.","Swiss Payment Association","wöchentlich","yes","http://monitoringconsumption.org/data"
"2020-01-02",2539,"Wirtschaft","anz_kktrans_ausl_distanz","Anzahl Kreditkarten-Transaktionen Distanzgeschäft im Ausland","Ausland","Anzahl in Tausend","Swiss Payment Association","wöchentlich","yes","http://monitoringconsumption.org/data"
"2020-01-02",240,"Wirtschaft","betrag_kktrans_ausl_distanz","Betrag Kreditkarten-Transaktionen Distanzgeschäft im Ausland","Ausland","Mio. Fr.","Swiss Payment Association","wöchentlich","yes","http://monitoringconsumption.org/data"
"2020-01-09",6432,"Wirtschaft","anz_kktrans_ch","Anzahl Kreditkarten-Transaktionen im Inland","CH","Anzahl in Tausend","Swiss Payment Association","wöchentlich","yes","http://monitoringconsumption.org/data"
"2020-01-09",486,"Wirtschaft","betrag_kktrans_ch","Betrag Kreditkarten-Transaktionen im Inland","CH","Mio. Fr.","Swiss Payment Association","wöchentlich","yes","http://monitoringconsumption.org/data"
"2020-01-09",3568,"Wirtschaft","anz_kktrans_ausl","Anzahl Kreditkarten-Transaktionen im Ausland","Ausland","Anzahl in Tausend","Swiss Payment Association","wöchentlich","yes","http://monitoringconsumption.org/data"
"2020-01-09",361,"Wirtschaft","betrag_kktrans_ausl","Betrag Kreditkarten-Transaktionen im Ausland","Ausland","Mio. Fr.","Swiss Payment Association","wöchentlich","yes","http://monitoringconsumption.org/data"
"2020-01-09",4602,"Wirtschaft","anz_kktrans_ch_praes","Anzahl Kreditkarten-Transaktionen Präsenzgeschäft im Inland insgesamt","CH","Anzahl in Tausend","Swiss Payment Association","wöchentlich","yes","http://monitoringconsumption.org/data"
"2020-01-09",2665,"Wirtschaft","anz_kktrans_ch_praes_contactless","Anzahl kontaktlose Kreditkarten-Transaktionen Präsenzgeschäft im Inland","CH","Anzahl in Tausend","Swiss Payment Association","wöchentlich","yes","http://monitoringconsumption.org/data"
"2020-01-09",314,"Wirtschaft","betrag_kktrans_ch_praes","Betrag Kreditkarten-Transaktionen Präsenzgeschäft im Inland insgesamt","CH","Mio. Fr.","Swiss Payment Association","wöchentlich","yes","http://monitoringconsumption.org/data"
"2020-01-09",119,"Wirtschaft","betrag_kktrans_ch_praes_contactless","Betrag kontaktlose Kreditkarten-Transaktionen Präsenzgeschäft im Inland","CH","Mio. Fr.","Swiss Payment Association","wöchentlich","yes","http://monitoringconsumption.org/data"
"2020-01-09",1830,"Wirtschaft","anz_kktrans_ch_distanz","Anzahl Kreditkarten-Transaktionen Distanzgeschäft im Inland","CH","Anzahl in Tausend","Swiss Payment Association","wöchentlich","yes","http://monitoringconsumption.org/data"
"2020-01-09",172,"Wirtschaft","betrag_kktrans_ch_distanz","Betrag Kreditkarten-Transaktionen Distanzgeschäft im Inland","CH","Mio. Fr.","Swiss Payment Association","wöchentlich","yes","http://monitoringconsumption.org/data"
"2020-01-09",2156,"Wirtschaft","anz_kktrans_ausl_distanz","Anzahl Kreditkarten-Transaktionen Distanzgeschäft im Ausland","Ausland","Anzahl in Tausend","Swiss Payment Association","wöchentlich","yes","http://monitoringconsumption.org/data"
"2020-01-09",229,"Wirtschaft","betrag_kktrans_ausl_distanz","Betrag Kreditkarten-Transaktionen Distanzgeschäft im Ausland","Ausland","Mio. Fr.","Swiss Payment Association","wöchentlich","yes","http://monitoringconsumption.org/data"
"2020-01-16",6573,"Wirtschaft","anz_kktrans_ch","Anzahl Kreditkarten-Transaktionen im Inland","CH","Anzahl in Tausend","Swiss Payment Association","wöchentlich","yes","http://monitoringconsumption.org/data"
"2020-01-16",484,"Wirtschaft","betrag_kktrans_ch","Betrag Kreditkarten-Transaktionen im Inland","CH","Mio. Fr.","Swiss Payment Association","wöchentlich","yes","http://monitoringconsumption.org/data"
"2020-01-16",3475,"Wirtschaft","anz_kktrans_ausl","Anzahl Kreditkarten-Transaktionen im Ausland","Ausland","Anzahl in Tausend","Swiss Payment Association","wöchentlich","yes","http://monitoringconsumption.org/data"
"2020-01-16",358,"Wirtschaft","betrag_kktrans_ausl","Betrag Kreditkarten-Transaktionen im Ausland","Ausland","Mio. Fr.","Swiss Payment Association","wöchentlich","yes","http://monitoringconsumption.org/data"
"2020-01-16",4702,"Wirtschaft","anz_kktrans_ch_praes","Anzahl Kreditkarten-Transaktionen Präsenzgeschäft im Inland insgesamt","CH","Anzahl in Tausend","Swiss Payment Association","wöchentlich","yes","http://monitoringconsumption.org/data"
"2020-01-16",2749,"Wirtschaft","anz_kktrans_ch_praes_contactless","Anzahl kontaktlose Kreditkarten-Transaktionen Präsenzgeschäft im Inland","CH","Anzahl in Tausend","Swiss Payment Association","wöchentlich","yes","http://monitoringconsumption.org/data"
"2020-01-16",316,"Wirtschaft","betrag_kktrans_ch_praes","Betrag Kreditkarten-Transaktionen Präsenzgeschäft im Inland insgesamt","CH","Mio. Fr.","Swiss Payment Association","wöchentlich","yes","http://monitoringconsumption.org/data"
"2020-01-16",122,"Wirtschaft","betrag_kktrans_ch_praes_contactless","Betrag kontaktlose Kreditkarten-Transaktionen Präsenzgeschäft im Inland","CH","Mio. Fr.","Swiss Payment Association","wöchentlich","yes","http://monitoringconsumption.org/data"
"2020-01-16",1872,"Wirtschaft","anz_kktrans_ch_distanz","Anzahl Kreditkarten-Transaktionen Distanzgeschäft im Inland","CH","Anzahl in Tausend","Swiss Payment Association","wöchentlich","yes","http://monitoringconsumption.org/data"
"2020-01-16",167,"Wirtschaft","betrag_kktrans_ch_distanz","Betrag Kreditkarten-Transaktionen Distanzgeschäft im Inland","CH","Mio. Fr.","Swiss Payment Association","wöchentlich","yes","http://monitoringconsumption.org/data"
"2020-01-16",2093,"Wirtschaft","anz_kktrans_ausl_distanz","Anzahl Kreditkarten-Transaktionen Distanzgeschäft im Ausland","Ausland","Anzahl in Tausend","Swiss Payment Association","wöchentlich","yes","http://monitoringconsumption.org/data"
"2020-01-16",230,"Wirtschaft","betrag_kktrans_ausl_distanz","Betrag Kreditkarten-Transaktionen Distanzgeschäft im Ausland","Ausland","Mio. Fr.","Swiss Payment Association","wöchentlich","yes","http://monitoringconsumption.org/data"
"2020-01-23",6432,"Wirtschaft","anz_kktrans_ch","Anzahl Kreditkarten-Transaktionen im Inland","CH","Anzahl in Tausend","Swiss Payment Association","wöchentlich","yes","http://monitoringconsumption.org/data"
"2020-01-23",477,"Wirtschaft","betrag_kktrans_ch","Betrag Kreditkarten-Transaktionen im Inland","CH","Mio. Fr.","Swiss Payment Association","wöchentlich","yes","http://monitoringconsumption.org/data"
"2020-01-23",3506,"Wirtschaft","anz_kktrans_ausl","Anzahl Kreditkarten-Transaktionen im Ausland","Ausland","Anzahl in Tausend","Swiss Payment Association","wöchentlich","yes","http://monitoringconsumption.org/data"
"2020-01-23",358,"Wirtschaft","betrag_kktrans_ausl","Betrag Kreditkarten-Transaktionen im Ausland","Ausland","Mio. Fr.","Swiss Payment Association","wöchentlich","yes","http://monitoringconsumption.org/data"
"2020-01-23",4580,"Wirtschaft","anz_kktrans_ch_praes","Anzahl Kreditkarten-Transaktionen Präsenzgeschäft im Inland insgesamt","CH","Anzahl in Tausend","Swiss Payment Association","wöchentlich","yes","http://monitoringconsumption.org/data"
"2020-01-23",2685,"Wirtschaft","anz_kktrans_ch_praes_contactless","Anzahl kontaktlose Kreditkarten-Transaktionen Präsenzgeschäft im Inland","CH","Anzahl in Tausend","Swiss Payment Association","wöchentlich","yes","http://monitoringconsumption.org/data"
"2020-01-23",312,"Wirtschaft","betrag_kktrans_ch_praes","Betrag Kreditkarten-Transaktionen Präsenzgeschäft im Inland insgesamt","CH","Mio. Fr.","Swiss Payment Association","wöchentlich","yes","http://monitoringconsumption.org/data"
"2020-01-23",121,"Wirtschaft","betrag_kktrans_ch_praes_contactless","Betrag kontaktlose Kreditkarten-Transaktionen Präsenzgeschäft im Inland","CH","Mio. Fr.","Swiss Payment Association","wöchentlich","yes","http://monitoringconsumption.org/data"
"2020-01-23",1852,"Wirtschaft","anz_kktrans_ch_distanz","Anzahl Kreditkarten-Transaktionen Distanzgeschäft im Inland","CH","Anzahl in Tausend","Swiss Payment Association","wöchentlich","yes","http://monitoringconsumption.org/data"
"2020-01-23",165,"Wirtschaft","betrag_kktrans_ch_distanz","Betrag Kreditkarten-Transaktionen Distanzgeschäft im Inland","CH","Mio. Fr.","Swiss Payment Association","wöchentlich","yes","http://monitoringconsumption.org/data"
"2020-01-23",2114,"Wirtschaft","anz_kktrans_ausl_distanz","Anzahl Kreditkarten-Transaktionen Distanzgeschäft im Ausland","Ausland","Anzahl in Tausend","Swiss Payment Association","wöchentlich","yes","http://monitoringconsumption.org/data"
"2020-01-23",225,"Wirtschaft","betrag_kktrans_ausl_distanz","Betrag Kreditkarten-Transaktionen Distanzgeschäft im Ausland","Ausland","Mio. Fr.","Swiss Payment Association","wöchentlich","yes","http://monitoringconsumption.org/data"
"2020-01-30",6526,"Wirtschaft","anz_kktrans_ch","Anzahl Kreditkarten-Transaktionen im Inland","CH","Anzahl in Tausend","Swiss Payment Association","wöchentlich","yes","http://monitoringconsumption.org/data"
"2020-01-30",497,"Wirtschaft","betrag_kktrans_ch","Betrag Kreditkarten-Transaktionen im Inland","CH","Mio. Fr.","Swiss Payment Association","wöchentlich","yes","http://monitoringconsumption.org/data"
"2020-01-30",3687,"Wirtschaft","anz_kktrans_ausl","Anzahl Kreditkarten-Transaktionen im Ausland","Ausland","Anzahl in Tausend","Swiss Payment Association","wöchentlich","yes","http://monitoringconsumption.org/data"
"2020-01-30",380,"Wirtschaft","betrag_kktrans_ausl","Betrag Kreditkarten-Transaktionen im Ausland","Ausland","Mio. Fr.","Swiss Payment Association","wöchentlich","yes","http://monitoringconsumption.org/data"
"2020-01-30",4645,"Wirtschaft","anz_kktrans_ch_praes","Anzahl Kreditkarten-Transaktionen Präsenzgeschäft im Inland insgesamt","CH","Anzahl in Tausend","Swiss Payment Association","wöchentlich","yes","http://monitoringconsumption.org/data"
"2020-01-30",2716,"Wirtschaft","anz_kktrans_ch_praes_contactless","Anzahl kontaktlose Kreditkarten-Transaktionen Präsenzgeschäft im Inland","CH","Anzahl in Tausend","Swiss Payment Association","wöchentlich","yes","http://monitoringconsumption.org/data"
"2020-01-30",327,"Wirtschaft","betrag_kktrans_ch_praes","Betrag Kreditkarten-Transaktionen Präsenzgeschäft im Inland insgesamt","CH","Mio. Fr.","Swiss Payment Association","wöchentlich","yes","http://monitoringconsumption.org/data"
"2020-01-30",126,"Wirtschaft","betrag_kktrans_ch_praes_contactless","Betrag kontaktlose Kreditkarten-Transaktionen Präsenzgeschäft im Inland","CH","Mio. Fr.","Swiss Payment Association","wöchentlich","yes","http://monitoringconsumption.org/data"
"2020-01-30",1882,"Wirtschaft","anz_kktrans_ch_distanz","Anzahl Kreditkarten-Transaktionen Distanzgeschäft im Inland","CH","Anzahl in Tausend","Swiss Payment Association","wöchentlich","yes","http://monitoringconsumption.org/data"
"2020-01-30",170,"Wirtschaft","betrag_kktrans_ch_distanz","Betrag Kreditkarten-Transaktionen Distanzgeschäft im Inland","CH","Mio. Fr.","Swiss Payment Association","wöchentlich","yes","http://monitoringconsumption.org/data"
"2020-01-30",2189,"Wirtschaft","anz_kktrans_ausl_distanz","Anzahl Kreditkarten-Transaktionen Distanzgeschäft im Ausland","Ausland","Anzahl in Tausend","Swiss Payment Association","wöchentlich","yes","http://monitoringconsumption.org/data"
"2020-01-30",235,"Wirtschaft","betrag_kktrans_ausl_distanz","Betrag Kreditkarten-Transaktionen Distanzgeschäft im Ausland","Ausland","Mio. Fr.","Swiss Payment Association","wöchentlich","yes","http://monitoringconsumption.org/data"
"2020-02-06",6505,"Wirtschaft","anz_kktrans_ch","Anzahl Kreditkarten-Transaktionen im Inland","CH","Anzahl in Tausend","Swiss Payment Association","wöchentlich","yes","http://monitoringconsumption.org/data"
"2020-02-06",478,"Wirtschaft","betrag_kktrans_ch","Betrag Kreditkarten-Transaktionen im Inland","CH","Mio. Fr.","Swiss Payment Association","wöchentlich","yes","http://monitoringconsumption.org/data"
"2020-02-06",3613,"Wirtschaft","anz_kktrans_ausl","Anzahl Kreditkarten-Transaktionen im Ausland","Ausland","Anzahl in Tausend","Swiss Payment Association","wöchentlich","yes","http://monitoringconsumption.org/data"
"2020-02-06",361,"Wirtschaft","betrag_kktrans_ausl","Betrag Kreditkarten-Transaktionen im Ausland","Ausland","Mio. Fr.","Swiss Payment Association","wöchentlich","yes","http://monitoringconsumption.org/data"
"2020-02-06",4693,"Wirtschaft","anz_kktrans_ch_praes","Anzahl Kreditkarten-Transaktionen Präsenzgeschäft im Inland insgesamt","CH","Anzahl in Tausend","Swiss Payment Association","wöchentlich","yes","http://monitoringconsumption.org/data"
"2020-02-06",2751,"Wirtschaft","anz_kktrans_ch_praes_contactless","Anzahl kontaktlose Kreditkarten-Transaktionen Präsenzgeschäft im Inland","CH","Anzahl in Tausend","Swiss Payment Association","wöchentlich","yes","http://monitoringconsumption.org/data"
"2020-02-06",324,"Wirtschaft","betrag_kktrans_ch_praes","Betrag Kreditkarten-Transaktionen Präsenzgeschäft im Inland insgesamt","CH","Mio. Fr.","Swiss Payment Association","wöchentlich","yes","http://monitoringconsumption.org/data"
"2020-02-06",126,"Wirtschaft","betrag_kktrans_ch_praes_contactless","Betrag kontaktlose Kreditkarten-Transaktionen Präsenzgeschäft im Inland","CH","Mio. Fr.","Swiss Payment Association","wöchentlich","yes","http://monitoringconsumption.org/data"
"2020-02-06",1812,"Wirtschaft","anz_kktrans_ch_distanz","Anzahl Kreditkarten-Transaktionen Distanzgeschäft im Inland","CH","Anzahl in Tausend","Swiss Payment Association","wöchentlich","yes","http://monitoringconsumption.org/data"
"2020-02-06",156,"Wirtschaft","betrag_kktrans_ch_distanz","Betrag Kreditkarten-Transaktionen Distanzgeschäft im Inland","CH","Mio. Fr.","Swiss Payment Association","wöchentlich","yes","http://monitoringconsumption.org/data"
"2020-02-06",2069,"Wirtschaft","anz_kktrans_ausl_distanz","Anzahl Kreditkarten-Transaktionen Distanzgeschäft im Ausland","Ausland","Anzahl in Tausend","Swiss Payment Association","wöchentlich","yes","http://monitoringconsumption.org/data"
"2020-02-06",214,"Wirtschaft","betrag_kktrans_ausl_distanz","Betrag Kreditkarten-Transaktionen Distanzgeschäft im Ausland","Ausland","Mio. Fr.","Swiss Payment Association","wöchentlich","yes","http://monitoringconsumption.org/data"
"2020-02-13",6740,"Wirtschaft","anz_kktrans_ch","Anzahl Kreditkarten-Transaktionen im Inland","CH","Anzahl in Tausend","Swiss Payment Association","wöchentlich","yes","http://monitoringconsumption.org/data"
"2020-02-13",501,"Wirtschaft","betrag_kktrans_ch","Betrag Kreditkarten-Transaktionen im Inland","CH","Mio. Fr.","Swiss Payment Association","wöchentlich","yes","http://monitoringconsumption.org/data"
"2020-02-13",3634,"Wirtschaft","anz_kktrans_ausl","Anzahl Kreditkarten-Transaktionen im Ausland","Ausland","Anzahl in Tausend","Swiss Payment Association","wöchentlich","yes","http://monitoringconsumption.org/data"
"2020-02-13",365,"Wirtschaft","betrag_kktrans_ausl","Betrag Kreditkarten-Transaktionen im Ausland","Ausland","Mio. Fr.","Swiss Payment Association","wöchentlich","yes","http://monitoringconsumption.org/data"
"2020-02-13",5016,"Wirtschaft","anz_kktrans_ch_praes","Anzahl Kreditkarten-Transaktionen Präsenzgeschäft im Inland insgesamt","CH","Anzahl in Tausend","Swiss Payment Association","wöchentlich","yes","http://monitoringconsumption.org/data"
"2020-02-13",2892,"Wirtschaft","anz_kktrans_ch_praes_contactless","Anzahl kontaktlose Kreditkarten-Transaktionen Präsenzgeschäft im Inland","CH","Anzahl in Tausend","Swiss Payment Association","wöchentlich","yes","http://monitoringconsumption.org/data"
"2020-02-13",354,"Wirtschaft","betrag_kktrans_ch_praes","Betrag Kreditkarten-Transaktionen Präsenzgeschäft im Inland insgesamt","CH","Mio. Fr.","Swiss Payment Association","wöchentlich","yes","http://monitoringconsumption.org/data"
"2020-02-13",134,"Wirtschaft","betrag_kktrans_ch_praes_contactless","Betrag kontaktlose Kreditkarten-Transaktionen Präsenzgeschäft im Inland","CH","Mio. Fr.","Swiss Payment Association","wöchentlich","yes","http://monitoringconsumption.org/data"
"2020-02-13",1724,"Wirtschaft","anz_kktrans_ch_distanz","Anzahl Kreditkarten-Transaktionen Distanzgeschäft im Inland","CH","Anzahl in Tausend","Swiss Payment Association","wöchentlich","yes","http://monitoringconsumption.org/data"
"2020-02-13",146,"Wirtschaft","betrag_kktrans_ch_distanz","Betrag Kreditkarten-Transaktionen Distanzgeschäft im Inland","CH","Mio. Fr.","Swiss Payment Association","wöchentlich","yes","http://monitoringconsumption.org/data"
"2020-02-13",2029,"Wirtschaft","anz_kktrans_ausl_distanz","Anzahl Kreditkarten-Transaktionen Distanzgeschäft im Ausland","Ausland","Anzahl in Tausend","Swiss Payment Association","wöchentlich","yes","http://monitoringconsumption.org/data"
"2020-02-13",208,"Wirtschaft","betrag_kktrans_ausl_distanz","Betrag Kreditkarten-Transaktionen Distanzgeschäft im Ausland","Ausland","Mio. Fr.","Swiss Payment Association","wöchentlich","yes","http://monitoringconsumption.org/data"
"2020-02-20",6703,"Wirtschaft","anz_kktrans_ch","Anzahl Kreditkarten-Transaktionen im Inland","CH","Anzahl in Tausend","Swiss Payment Association","wöchentlich","yes","http://monitoringconsumption.org/data"
"2020-02-20",480,"Wirtschaft","betrag_kktrans_ch","Betrag Kreditkarten-Transaktionen im Inland","CH","Mio. Fr.","Swiss Payment Association","wöchentlich","yes","http://monitoringconsumption.org/data"
"2020-02-20",3480,"Wirtschaft","anz_kktrans_ausl","Anzahl Kreditkarten-Transaktionen im Ausland","Ausland","Anzahl in Tausend","Swiss Payment Association","wöchentlich","yes","http://monitoringconsumption.org/data"
"2020-02-20",344,"Wirtschaft","betrag_kktrans_ausl","Betrag Kreditkarten-Transaktionen im Ausland","Ausland","Mio. Fr.","Swiss Payment Association","wöchentlich","yes","http://monitoringconsumption.org/data"
"2020-02-20",5054,"Wirtschaft","anz_kktrans_ch_praes","Anzahl Kreditkarten-Transaktionen Präsenzgeschäft im Inland insgesamt","CH","Anzahl in Tausend","Swiss Payment Association","wöchentlich","yes","http://monitoringconsumption.org/data"
"2020-02-20",2905,"Wirtschaft","anz_kktrans_ch_praes_contactless","Anzahl kontaktlose Kreditkarten-Transaktionen Präsenzgeschäft im Inland","CH","Anzahl in Tausend","Swiss Payment Association","wöchentlich","yes","http://monitoringconsumption.org/data"
"2020-02-20",351,"Wirtschaft","betrag_kktrans_ch_praes","Betrag Kreditkarten-Transaktionen Präsenzgeschäft im Inland insgesamt","CH","Mio. Fr.","Swiss Payment Association","wöchentlich","yes","http://monitoringconsumption.org/data"
"2020-02-20",132,"Wirtschaft","betrag_kktrans_ch_praes_contactless","Betrag kontaktlose Kreditkarten-Transaktionen Präsenzgeschäft im Inland","CH","Mio. Fr.","Swiss Payment Association","wöchentlich","yes","http://monitoringconsumption.org/data"
"2020-02-20",1649,"Wirtschaft","anz_kktrans_ch_distanz","Anzahl Kreditkarten-Transaktionen Distanzgeschäft im Inland","CH","Anzahl in Tausend","Swiss Payment Association","wöchentlich","yes","http://monitoringconsumption.org/data"
"2020-02-20",130,"Wirtschaft","betrag_kktrans_ch_distanz","Betrag Kreditkarten-Transaktionen Distanzgeschäft im Inland","CH","Mio. Fr.","Swiss Payment Association","wöchentlich","yes","http://monitoringconsumption.org/data"
"2020-02-20",1968,"Wirtschaft","anz_kktrans_ausl_distanz","Anzahl Kreditkarten-Transaktionen Distanzgeschäft im Ausland","Ausland","Anzahl in Tausend","Swiss Payment Association","wöchentlich","yes","http://monitoringconsumption.org/data"
"2020-02-20",198,"Wirtschaft","betrag_kktrans_ausl_distanz","Betrag Kreditkarten-Transaktionen Distanzgeschäft im Ausland","Ausland","Mio. Fr.","Swiss Payment Association","wöchentlich","yes","http://monitoringconsumption.org/data"
"2020-02-27",6512,"Wirtschaft","anz_kktrans_ch","Anzahl Kreditkarten-Transaktionen im Inland","CH","Anzahl in Tausend","Swiss Payment Association","wöchentlich","yes","http://monitoringconsumption.org/data"
"2020-02-27",477,"Wirtschaft","betrag_kktrans_ch","Betrag Kreditkarten-Transaktionen im Inland","CH","Mio. Fr.","Swiss Payment Association","wöchentlich","yes","http://monitoringconsumption.org/data"
"2020-02-27",3660,"Wirtschaft","anz_kktrans_ausl","Anzahl Kreditkarten-Transaktionen im Ausland","Ausland","Anzahl in Tausend","Swiss Payment Association","wöchentlich","yes","http://monitoringconsumption.org/data"
"2020-02-27",333,"Wirtschaft","betrag_kktrans_ausl","Betrag Kreditkarten-Transaktionen im Ausland","Ausland","Mio. Fr.","Swiss Payment Association","wöchentlich","yes","http://monitoringconsumption.org/data"
"2020-02-27",4921,"Wirtschaft","anz_kktrans_ch_praes","Anzahl Kreditkarten-Transaktionen Präsenzgeschäft im Inland insgesamt","CH","Anzahl in Tausend","Swiss Payment Association","wöchentlich","yes","http://monitoringconsumption.org/data"
"2020-02-27",2805,"Wirtschaft","anz_kktrans_ch_praes_contactless","Anzahl kontaktlose Kreditkarten-Transaktionen Präsenzgeschäft im Inland","CH","Anzahl in Tausend","Swiss Payment Association","wöchentlich","yes","http://monitoringconsumption.org/data"
"2020-02-27",353,"Wirtschaft","betrag_kktrans_ch_praes","Betrag Kreditkarten-Transaktionen Präsenzgeschäft im Inland insgesamt","CH","Mio. Fr.","Swiss Payment Association","wöchentlich","yes","http://monitoringconsumption.org/data"
"2020-02-27",135,"Wirtschaft","betrag_kktrans_ch_praes_contactless","Betrag kontaktlose Kreditkarten-Transaktionen Präsenzgeschäft im Inland","CH","Mio. Fr.","Swiss Payment Association","wöchentlich","yes","http://monitoringconsumption.org/data"
"2020-02-27",1590,"Wirtschaft","anz_kktrans_ch_distanz","Anzahl Kreditkarten-Transaktionen Distanzgeschäft im Inland","CH","Anzahl in Tausend","Swiss Payment Association","wöchentlich","yes","http://monitoringconsumption.org/data"
"2020-02-27",124,"Wirtschaft","betrag_kktrans_ch_distanz","Betrag Kreditkarten-Transaktionen Distanzgeschäft im Inland","CH","Mio. Fr.","Swiss Payment Association","wöchentlich","yes","http://monitoringconsumption.org/data"
"2020-02-27",2178,"Wirtschaft","anz_kktrans_ausl_distanz","Anzahl Kreditkarten-Transaktionen Distanzgeschäft im Ausland","Ausland","Anzahl in Tausend","Swiss Payment Association","wöchentlich","yes","http://monitoringconsumption.org/data"
"2020-02-27",196,"Wirtschaft","betrag_kktrans_ausl_distanz","Betrag Kreditkarten-Transaktionen Distanzgeschäft im Ausland","Ausland","Mio. Fr.","Swiss Payment Association","wöchentlich","yes","http://monitoringconsumption.org/data"
"2020-03-05",6313,"Wirtschaft","anz_kktrans_ch","Anzahl Kreditkarten-Transaktionen im Inland","CH","Anzahl in Tausend","Swiss Payment Association","wöchentlich","yes","http://monitoringconsumption.org/data"
"2020-03-05",441,"Wirtschaft","betrag_kktrans_ch","Betrag Kreditkarten-Transaktionen im Inland","CH","Mio. Fr.","Swiss Payment Association","wöchentlich","yes","http://monitoringconsumption.org/data"
"2020-03-05",3274,"Wirtschaft","anz_kktrans_ausl","Anzahl Kreditkarten-Transaktionen im Ausland","Ausland","Anzahl in Tausend","Swiss Payment Association","wöchentlich","yes","http://monitoringconsumption.org/data"
"2020-03-05",287,"Wirtschaft","betrag_kktrans_ausl","Betrag Kreditkarten-Transaktionen im Ausland","Ausland","Mio. Fr.","Swiss Payment Association","wöchentlich","yes","http://monitoringconsumption.org/data"
"2020-03-05",4739,"Wirtschaft","anz_kktrans_ch_praes","Anzahl Kreditkarten-Transaktionen Präsenzgeschäft im Inland insgesamt","CH","Anzahl in Tausend","Swiss Payment Association","wöchentlich","yes","http://monitoringconsumption.org/data"
"2020-03-05",2778,"Wirtschaft","anz_kktrans_ch_praes_contactless","Anzahl kontaktlose Kreditkarten-Transaktionen Präsenzgeschäft im Inland","CH","Anzahl in Tausend","Swiss Payment Association","wöchentlich","yes","http://monitoringconsumption.org/data"
"2020-03-05",325,"Wirtschaft","betrag_kktrans_ch_praes","Betrag Kreditkarten-Transaktionen Präsenzgeschäft im Inland insgesamt","CH","Mio. Fr.","Swiss Payment Association","wöchentlich","yes","http://monitoringconsumption.org/data"
"2020-03-05",128,"Wirtschaft","betrag_kktrans_ch_praes_contactless","Betrag kontaktlose Kreditkarten-Transaktionen Präsenzgeschäft im Inland","CH","Mio. Fr.","Swiss Payment Association","wöchentlich","yes","http://monitoringconsumption.org/data"
"2020-03-05",1575,"Wirtschaft","anz_kktrans_ch_distanz","Anzahl Kreditkarten-Transaktionen Distanzgeschäft im Inland","CH","Anzahl in Tausend","Swiss Payment Association","wöchentlich","yes","http://monitoringconsumption.org/data"
"2020-03-05",118,"Wirtschaft","betrag_kktrans_ch_distanz","Betrag Kreditkarten-Transaktionen Distanzgeschäft im Inland","CH","Mio. Fr.","Swiss Payment Association","wöchentlich","yes","http://monitoringconsumption.org/data"
"2020-03-05",1974,"Wirtschaft","anz_kktrans_ausl_distanz","Anzahl Kreditkarten-Transaktionen Distanzgeschäft im Ausland","Ausland","Anzahl in Tausend","Swiss Payment Association","wöchentlich","yes","http://monitoringconsumption.org/data"
"2020-03-05",173,"Wirtschaft","betrag_kktrans_ausl_distanz","Betrag Kreditkarten-Transaktionen Distanzgeschäft im Ausland","Ausland","Mio. Fr.","Swiss Payment Association","wöchentlich","yes","http://monitoringconsumption.org/data"
"2020-03-12",6192,"Wirtschaft","anz_kktrans_ch","Anzahl Kreditkarten-Transaktionen im Inland","CH","Anzahl in Tausend","Swiss Payment Association","wöchentlich","yes","http://monitoringconsumption.org/data"
"2020-03-12",457,"Wirtschaft","betrag_kktrans_ch","Betrag Kreditkarten-Transaktionen im Inland","CH","Mio. Fr.","Swiss Payment Association","wöchentlich","yes","http://monitoringconsumption.org/data"
"2020-03-12",2714,"Wirtschaft","anz_kktrans_ausl","Anzahl Kreditkarten-Transaktionen im Ausland","Ausland","Anzahl in Tausend","Swiss Payment Association","wöchentlich","yes","http://monitoringconsumption.org/data"
"2020-03-12",202,"Wirtschaft","betrag_kktrans_ausl","Betrag Kreditkarten-Transaktionen im Ausland","Ausland","Mio. Fr.","Swiss Payment Association","wöchentlich","yes","http://monitoringconsumption.org/data"
"2020-03-12",4827,"Wirtschaft","anz_kktrans_ch_praes","Anzahl Kreditkarten-Transaktionen Präsenzgeschäft im Inland insgesamt","CH","Anzahl in Tausend","Swiss Payment Association","wöchentlich","yes","http://monitoringconsumption.org/data"
"2020-03-12",2845,"Wirtschaft","anz_kktrans_ch_praes_contactless","Anzahl kontaktlose Kreditkarten-Transaktionen Präsenzgeschäft im Inland","CH","Anzahl in Tausend","Swiss Payment Association","wöchentlich","yes","http://monitoringconsumption.org/data"
"2020-03-12",347,"Wirtschaft","betrag_kktrans_ch_praes","Betrag Kreditkarten-Transaktionen Präsenzgeschäft im Inland insgesamt","CH","Mio. Fr.","Swiss Payment Association","wöchentlich","yes","http://monitoringconsumption.org/data"
"2020-03-12",148,"Wirtschaft","betrag_kktrans_ch_praes_contactless","Betrag kontaktlose Kreditkarten-Transaktionen Präsenzgeschäft im Inland","CH","Mio. Fr.","Swiss Payment Association","wöchentlich","yes","http://monitoringconsumption.org/data"
"2020-03-12",1364,"Wirtschaft","anz_kktrans_ch_distanz","Anzahl Kreditkarten-Transaktionen Distanzgeschäft im Inland","CH","Anzahl in Tausend","Swiss Payment Association","wöchentlich","yes","http://monitoringconsumption.org/data"
"2020-03-12",111,"Wirtschaft","betrag_kktrans_ch_distanz","Betrag Kreditkarten-Transaktionen Distanzgeschäft im Inland","CH","Mio. Fr.","Swiss Payment Association","wöchentlich","yes","http://monitoringconsumption.org/data"
"2020-03-12",1695,"Wirtschaft","anz_kktrans_ausl_distanz","Anzahl Kreditkarten-Transaktionen Distanzgeschäft im Ausland","Ausland","Anzahl in Tausend","Swiss Payment Association","wöchentlich","yes","http://monitoringconsumption.org/data"
"2020-03-12",117,"Wirtschaft","betrag_kktrans_ausl_distanz","Betrag Kreditkarten-Transaktionen Distanzgeschäft im Ausland","Ausland","Mio. Fr.","Swiss Payment Association","wöchentlich","yes","http://monitoringconsumption.org/data"
"2020-03-19",4061,"Wirtschaft","anz_kktrans_ch","Anzahl Kreditkarten-Transaktionen im Inland","CH","Anzahl in Tausend","Swiss Payment Association","wöchentlich","yes","http://monitoringconsumption.org/data"
"2020-03-19",300,"Wirtschaft","betrag_kktrans_ch","Betrag Kreditkarten-Transaktionen im Inland","CH","Mio. Fr.","Swiss Payment Association","wöchentlich","yes","http://monitoringconsumption.org/data"
"2020-03-19",2373,"Wirtschaft","anz_kktrans_ausl","Anzahl Kreditkarten-Transaktionen im Ausland","Ausland","Anzahl in Tausend","Swiss Payment Association","wöchentlich","yes","http://monitoringconsumption.org/data"
"2020-03-19",142,"Wirtschaft","betrag_kktrans_ausl","Betrag Kreditkarten-Transaktionen im Ausland","Ausland","Mio. Fr.","Swiss Payment Association","wöchentlich","yes","http://monitoringconsumption.org/data"
"2020-03-19",2902,"Wirtschaft","anz_kktrans_ch_praes","Anzahl Kreditkarten-Transaktionen Präsenzgeschäft im Inland insgesamt","CH","Anzahl in Tausend","Swiss Payment Association","wöchentlich","yes","http://monitoringconsumption.org/data"
"2020-03-19",1727,"Wirtschaft","anz_kktrans_ch_praes_contactless","Anzahl kontaktlose Kreditkarten-Transaktionen Präsenzgeschäft im Inland","CH","Anzahl in Tausend","Swiss Payment Association","wöchentlich","yes","http://monitoringconsumption.org/data"
"2020-03-19",166,"Wirtschaft","betrag_kktrans_ch_praes","Betrag Kreditkarten-Transaktionen Präsenzgeschäft im Inland insgesamt","CH","Mio. Fr.","Swiss Payment Association","wöchentlich","yes","http://monitoringconsumption.org/data"
"2020-03-19",75,"Wirtschaft","betrag_kktrans_ch_praes_contactless","Betrag kontaktlose Kreditkarten-Transaktionen Präsenzgeschäft im Inland","CH","Mio. Fr.","Swiss Payment Association","wöchentlich","yes","http://monitoringconsumption.org/data"
"2020-03-19",1158,"Wirtschaft","anz_kktrans_ch_distanz","Anzahl Kreditkarten-Transaktionen Distanzgeschäft im Inland","CH","Anzahl in Tausend","Swiss Payment Association","wöchentlich","yes","http://monitoringconsumption.org/data"
"2020-03-19",135,"Wirtschaft","betrag_kktrans_ch_distanz","Betrag Kreditkarten-Transaktionen Distanzgeschäft im Inland","CH","Mio. Fr.","Swiss Payment Association","wöchentlich","yes","http://monitoringconsumption.org/data"
"2020-03-19",1751,"Wirtschaft","anz_kktrans_ausl_distanz","Anzahl Kreditkarten-Transaktionen Distanzgeschäft im Ausland","Ausland","Anzahl in Tausend","Swiss Payment Association","wöchentlich","yes","http://monitoringconsumption.org/data"
"2020-03-19",107,"Wirtschaft","betrag_kktrans_ausl_distanz","Betrag Kreditkarten-Transaktionen Distanzgeschäft im Ausland","Ausland","Mio. Fr.","Swiss Payment Association","wöchentlich","yes","http://monitoringconsumption.org/data"
"2020-03-26",3880,"Wirtschaft","anz_kktrans_ch","Anzahl Kreditkarten-Transaktionen im Inland","CH","Anzahl in Tausend","Swiss Payment Association","wöchentlich","yes","http://monitoringconsumption.org/data"
"2020-03-26",306,"Wirtschaft","betrag_kktrans_ch","Betrag Kreditkarten-Transaktionen im Inland","CH","Mio. Fr.","Swiss Payment Association","wöchentlich","yes","http://monitoringconsumption.org/data"
"2020-03-26",2415,"Wirtschaft","anz_kktrans_ausl","Anzahl Kreditkarten-Transaktionen im Ausland","Ausland","Anzahl in Tausend","Swiss Payment Association","wöchentlich","yes","http://monitoringconsumption.org/data"
"2020-03-26",154,"Wirtschaft","betrag_kktrans_ausl","Betrag Kreditkarten-Transaktionen im Ausland","Ausland","Mio. Fr.","Swiss Payment Association","wöchentlich","yes","http://monitoringconsumption.org/data"
"2020-03-26",2541,"Wirtschaft","anz_kktrans_ch_praes","Anzahl Kreditkarten-Transaktionen Präsenzgeschäft im Inland insgesamt","CH","Anzahl in Tausend","Swiss Payment Association","wöchentlich","yes","http://monitoringconsumption.org/data"
"2020-03-26",1525,"Wirtschaft","anz_kktrans_ch_praes_contactless","Anzahl kontaktlose Kreditkarten-Transaktionen Präsenzgeschäft im Inland","CH","Anzahl in Tausend","Swiss Payment Association","wöchentlich","yes","http://monitoringconsumption.org/data"
"2020-03-26",148,"Wirtschaft","betrag_kktrans_ch_praes","Betrag Kreditkarten-Transaktionen Präsenzgeschäft im Inland insgesamt","CH","Mio. Fr.","Swiss Payment Association","wöchentlich","yes","http://monitoringconsumption.org/data"
"2020-03-26",68,"Wirtschaft","betrag_kktrans_ch_praes_contactless","Betrag kontaktlose Kreditkarten-Transaktionen Präsenzgeschäft im Inland","CH","Mio. Fr.","Swiss Payment Association","wöchentlich","yes","http://monitoringconsumption.org/data"
"2020-03-26",1338,"Wirtschaft","anz_kktrans_ch_distanz","Anzahl Kreditkarten-Transaktionen Distanzgeschäft im Inland","CH","Anzahl in Tausend","Swiss Payment Association","wöchentlich","yes","http://monitoringconsumption.org/data"
"2020-03-26",158,"Wirtschaft","betrag_kktrans_ch_distanz","Betrag Kreditkarten-Transaktionen Distanzgeschäft im Inland","CH","Mio. Fr.","Swiss Payment Association","wöchentlich","yes","http://monitoringconsumption.org/data"
"2020-03-26",1867,"Wirtschaft","anz_kktrans_ausl_distanz","Anzahl Kreditkarten-Transaktionen Distanzgeschäft im Ausland","Ausland","Anzahl in Tausend","Swiss Payment Association","wöchentlich","yes","http://monitoringconsumption.org/data"
"2020-03-26",126,"Wirtschaft","betrag_kktrans_ausl_distanz","Betrag Kreditkarten-Transaktionen Distanzgeschäft im Ausland","Ausland","Mio. Fr.","Swiss Payment Association","wöchentlich","yes","http://monitoringconsumption.org/data"
"2020-04-02",4254,"Wirtschaft","anz_kktrans_ch","Anzahl Kreditkarten-Transaktionen im Inland","CH","Anzahl in Tausend","Swiss Payment Association","wöchentlich","yes","http://monitoringconsumption.org/data"
"2020-04-02",343,"Wirtschaft","betrag_kktrans_ch","Betrag Kreditkarten-Transaktionen im Inland","CH","Mio. Fr.","Swiss Payment Association","wöchentlich","yes","http://monitoringconsumption.org/data"
"2020-04-02",2464,"Wirtschaft","anz_kktrans_ausl","Anzahl Kreditkarten-Transaktionen im Ausland","Ausland","Anzahl in Tausend","Swiss Payment Association","wöchentlich","yes","http://monitoringconsumption.org/data"
"2020-04-02",152,"Wirtschaft","betrag_kktrans_ausl","Betrag Kreditkarten-Transaktionen im Ausland","Ausland","Mio. Fr.","Swiss Payment Association","wöchentlich","yes","http://monitoringconsumption.org/data"
"2020-04-02",2812,"Wirtschaft","anz_kktrans_ch_praes","Anzahl Kreditkarten-Transaktionen Präsenzgeschäft im Inland insgesamt","CH","Anzahl in Tausend","Swiss Payment Association","wöchentlich","yes","http://monitoringconsumption.org/data"
"2020-04-02",1696,"Wirtschaft","anz_kktrans_ch_praes_contactless","Anzahl kontaktlose Kreditkarten-Transaktionen Präsenzgeschäft im Inland","CH","Anzahl in Tausend","Swiss Payment Association","wöchentlich","yes","http://monitoringconsumption.org/data"
"2020-04-02",170,"Wirtschaft","betrag_kktrans_ch_praes","Betrag Kreditkarten-Transaktionen Präsenzgeschäft im Inland insgesamt","CH","Mio. Fr.","Swiss Payment Association","wöchentlich","yes","http://monitoringconsumption.org/data"
"2020-04-02",78,"Wirtschaft","betrag_kktrans_ch_praes_contactless","Betrag kontaktlose Kreditkarten-Transaktionen Präsenzgeschäft im Inland","CH","Mio. Fr.","Swiss Payment Association","wöchentlich","yes","http://monitoringconsumption.org/data"
"2020-04-02",1441,"Wirtschaft","anz_kktrans_ch_distanz","Anzahl Kreditkarten-Transaktionen Distanzgeschäft im Inland","CH","Anzahl in Tausend","Swiss Payment Association","wöchentlich","yes","http://monitoringconsumption.org/data"
"2020-04-02",174,"Wirtschaft","betrag_kktrans_ch_distanz","Betrag Kreditkarten-Transaktionen Distanzgeschäft im Inland","CH","Mio. Fr.","Swiss Payment Association","wöchentlich","yes","http://monitoringconsumption.org/data"
"2020-04-02",1921,"Wirtschaft","anz_kktrans_ausl_distanz","Anzahl Kreditkarten-Transaktionen Distanzgeschäft im Ausland","Ausland","Anzahl in Tausend","Swiss Payment Association","wöchentlich","yes","http://monitoringconsumption.org/data"
"2020-04-02",125,"Wirtschaft","betrag_kktrans_ausl_distanz","Betrag Kreditkarten-Transaktionen Distanzgeschäft im Ausland","Ausland","Mio. Fr.","Swiss Payment Association","wöchentlich","yes","http://monitoringconsumption.org/data"
"2020-04-09",3913,"Wirtschaft","anz_kktrans_ch","Anzahl Kreditkarten-Transaktionen im Inland","CH","Anzahl in Tausend","Swiss Payment Association","wöchentlich","yes","http://monitoringconsumption.org/data"
"2020-04-09",293,"Wirtschaft","betrag_kktrans_ch","Betrag Kreditkarten-Transaktionen im Inland","CH","Mio. Fr.","Swiss Payment Association","wöchentlich","yes","http://monitoringconsumption.org/data"
"2020-04-09",2333,"Wirtschaft","anz_kktrans_ausl","Anzahl Kreditkarten-Transaktionen im Ausland","Ausland","Anzahl in Tausend","Swiss Payment Association","wöchentlich","yes","http://monitoringconsumption.org/data"
"2020-04-09",141,"Wirtschaft","betrag_kktrans_ausl","Betrag Kreditkarten-Transaktionen im Ausland","Ausland","Mio. Fr.","Swiss Payment Association","wöchentlich","yes","http://monitoringconsumption.org/data"
"2020-04-09",2655,"Wirtschaft","anz_kktrans_ch_praes","Anzahl Kreditkarten-Transaktionen Präsenzgeschäft im Inland insgesamt","CH","Anzahl in Tausend","Swiss Payment Association","wöchentlich","yes","http://monitoringconsumption.org/data"
"2020-04-09",1623,"Wirtschaft","anz_kktrans_ch_praes_contactless","Anzahl kontaktlose Kreditkarten-Transaktionen Präsenzgeschäft im Inland","CH","Anzahl in Tausend","Swiss Payment Association","wöchentlich","yes","http://monitoringconsumption.org/data"
"2020-04-09",158,"Wirtschaft","betrag_kktrans_ch_praes","Betrag Kreditkarten-Transaktionen Präsenzgeschäft im Inland insgesamt","CH","Mio. Fr.","Swiss Payment Association","wöchentlich","yes","http://monitoringconsumption.org/data"
"2020-04-09",75,"Wirtschaft","betrag_kktrans_ch_praes_contactless","Betrag kontaktlose Kreditkarten-Transaktionen Präsenzgeschäft im Inland","CH","Mio. Fr.","Swiss Payment Association","wöchentlich","yes","http://monitoringconsumption.org/data"
"2020-04-09",1259,"Wirtschaft","anz_kktrans_ch_distanz","Anzahl Kreditkarten-Transaktionen Distanzgeschäft im Inland","CH","Anzahl in Tausend","Swiss Payment Association","wöchentlich","yes","http://monitoringconsumption.org/data"
"2020-04-09",136,"Wirtschaft","betrag_kktrans_ch_distanz","Betrag Kreditkarten-Transaktionen Distanzgeschäft im Inland","CH","Mio. Fr.","Swiss Payment Association","wöchentlich","yes","http://monitoringconsumption.org/data"
"2020-04-09",1813,"Wirtschaft","anz_kktrans_ausl_distanz","Anzahl Kreditkarten-Transaktionen Distanzgeschäft im Ausland","Ausland","Anzahl in Tausend","Swiss Payment Association","wöchentlich","yes","http://monitoringconsumption.org/data"
"2020-04-09",115,"Wirtschaft","betrag_kktrans_ausl_distanz","Betrag Kreditkarten-Transaktionen Distanzgeschäft im Ausland","Ausland","Mio. Fr.","Swiss Payment Association","wöchentlich","yes","http://monitoringconsumption.org/data"
"2020-04-16",4531,"Wirtschaft","anz_kktrans_ch","Anzahl Kreditkarten-Transaktionen im Inland","CH","Anzahl in Tausend","Swiss Payment Association","wöchentlich","yes","http://monitoringconsumption.org/data"
"2020-04-16",335,"Wirtschaft","betrag_kktrans_ch","Betrag Kreditkarten-Transaktionen im Inland","CH","Mio. Fr.","Swiss Payment Association","wöchentlich","yes","http://monitoringconsumption.org/data"
"2020-04-16",2430,"Wirtschaft","anz_kktrans_ausl","Anzahl Kreditkarten-Transaktionen im Ausland","Ausland","Anzahl in Tausend","Swiss Payment Association","wöchentlich","yes","http://monitoringconsumption.org/data"
"2020-04-16",159,"Wirtschaft","betrag_kktrans_ausl","Betrag Kreditkarten-Transaktionen im Ausland","Ausland","Mio. Fr.","Swiss Payment Association","wöchentlich","yes","http://monitoringconsumption.org/data"
"2020-04-16",3043,"Wirtschaft","anz_kktrans_ch_praes","Anzahl Kreditkarten-Transaktionen Präsenzgeschäft im Inland insgesamt","CH","Anzahl in Tausend","Swiss Payment Association","wöchentlich","yes","http://monitoringconsumption.org/data"
"2020-04-16",1903,"Wirtschaft","anz_kktrans_ch_praes_contactless","Anzahl kontaktlose Kreditkarten-Transaktionen Präsenzgeschäft im Inland","CH","Anzahl in Tausend","Swiss Payment Association","wöchentlich","yes","http://monitoringconsumption.org/data"
"2020-04-16",172,"Wirtschaft","betrag_kktrans_ch_praes","Betrag Kreditkarten-Transaktionen Präsenzgeschäft im Inland insgesamt","CH","Mio. Fr.","Swiss Payment Association","wöchentlich","yes","http://monitoringconsumption.org/data"
"2020-04-16",81,"Wirtschaft","betrag_kktrans_ch_praes_contactless","Betrag kontaktlose Kreditkarten-Transaktionen Präsenzgeschäft im Inland","CH","Mio. Fr.","Swiss Payment Association","wöchentlich","yes","http://monitoringconsumption.org/data"
"2020-04-16",1488,"Wirtschaft","anz_kktrans_ch_distanz","Anzahl Kreditkarten-Transaktionen Distanzgeschäft im Inland","CH","Anzahl in Tausend","Swiss Payment Association","wöchentlich","yes","http://monitoringconsumption.org/data"
"2020-04-16",162,"Wirtschaft","betrag_kktrans_ch_distanz","Betrag Kreditkarten-Transaktionen Distanzgeschäft im Inland","CH","Mio. Fr.","Swiss Payment Association","wöchentlich","yes","http://monitoringconsumption.org/data"
"2020-04-16",1902,"Wirtschaft","anz_kktrans_ausl_distanz","Anzahl Kreditkarten-Transaktionen Distanzgeschäft im Ausland","Ausland","Anzahl in Tausend","Swiss Payment Association","wöchentlich","yes","http://monitoringconsumption.org/data"
"2020-04-16",133,"Wirtschaft","betrag_kktrans_ausl_distanz","Betrag Kreditkarten-Transaktionen Distanzgeschäft im Ausland","Ausland","Mio. Fr.","Swiss Payment Association","wöchentlich","yes","http://monitoringconsumption.org/data"
"2020-04-23",4735,"Wirtschaft","anz_kktrans_ch","Anzahl Kreditkarten-Transaktionen im Inland","CH","Anzahl in Tausend","Swiss Payment Association","wöchentlich","yes","http://monitoringconsumption.org/data"
"2020-04-23",350,"Wirtschaft","betrag_kktrans_ch","Betrag Kreditkarten-Transaktionen im Inland","CH","Mio. Fr.","Swiss Payment Association","wöchentlich","yes","http://monitoringconsumption.org/data"
"2020-04-23",2514,"Wirtschaft","anz_kktrans_ausl","Anzahl Kreditkarten-Transaktionen im Ausland","Ausland","Anzahl in Tausend","Swiss Payment Association","wöchentlich","yes","http://monitoringconsumption.org/data"
"2020-04-23",163,"Wirtschaft","betrag_kktrans_ausl","Betrag Kreditkarten-Transaktionen im Ausland","Ausland","Mio. Fr.","Swiss Payment Association","wöchentlich","yes","http://monitoringconsumption.org/data"
"2020-04-23",3312,"Wirtschaft","anz_kktrans_ch_praes","Anzahl Kreditkarten-Transaktionen Präsenzgeschäft im Inland insgesamt","CH","Anzahl in Tausend","Swiss Payment Association","wöchentlich","yes","http://monitoringconsumption.org/data"
"2020-04-23",2096,"Wirtschaft","anz_kktrans_ch_praes_contactless","Anzahl kontaktlose Kreditkarten-Transaktionen Präsenzgeschäft im Inland","CH","Anzahl in Tausend","Swiss Payment Association","wöchentlich","yes","http://monitoringconsumption.org/data"
"2020-04-23",194,"Wirtschaft","betrag_kktrans_ch_praes","Betrag Kreditkarten-Transaktionen Präsenzgeschäft im Inland insgesamt","CH","Mio. Fr.","Swiss Payment Association","wöchentlich","yes","http://monitoringconsumption.org/data"
"2020-04-23",94,"Wirtschaft","betrag_kktrans_ch_praes_contactless","Betrag kontaktlose Kreditkarten-Transaktionen Präsenzgeschäft im Inland","CH","Mio. Fr.","Swiss Payment Association","wöchentlich","yes","http://monitoringconsumption.org/data"
"2020-04-23",1422,"Wirtschaft","anz_kktrans_ch_distanz","Anzahl Kreditkarten-Transaktionen Distanzgeschäft im Inland","CH","Anzahl in Tausend","Swiss Payment Association","wöchentlich","yes","http://monitoringconsumption.org/data"
"2020-04-23",156,"Wirtschaft","betrag_kktrans_ch_distanz","Betrag Kreditkarten-Transaktionen Distanzgeschäft im Inland","CH","Mio. Fr.","Swiss Payment Association","wöchentlich","yes","http://monitoringconsumption.org/data"
"2020-04-23",1942,"Wirtschaft","anz_kktrans_ausl_distanz","Anzahl Kreditkarten-Transaktionen Distanzgeschäft im Ausland","Ausland","Anzahl in Tausend","Swiss Payment Association","wöchentlich","yes","http://monitoringconsumption.org/data"
"2020-04-23",135,"Wirtschaft","betrag_kktrans_ausl_distanz","Betrag Kreditkarten-Transaktionen Distanzgeschäft im Ausland","Ausland","Mio. Fr.","Swiss Payment Association","wöchentlich","yes","http://monitoringconsumption.org/data"
"2020-04-30",4974,"Wirtschaft","anz_kktrans_ch","Anzahl Kreditkarten-Transaktionen im Inland","CH","Anzahl in Tausend","Swiss Payment Association","wöchentlich","yes","http://monitoringconsumption.org/data"
"2020-04-30",378,"Wirtschaft","betrag_kktrans_ch","Betrag Kreditkarten-Transaktionen im Inland","CH","Mio. Fr.","Swiss Payment Association","wöchentlich","yes","http://monitoringconsumption.org/data"
"2020-04-30",2772,"Wirtschaft","anz_kktrans_ausl","Anzahl Kreditkarten-Transaktionen im Ausland","Ausland","Anzahl in Tausend","Swiss Payment Association","wöchentlich","yes","http://monitoringconsumption.org/data"
"2020-04-30",178,"Wirtschaft","betrag_kktrans_ausl","Betrag Kreditkarten-Transaktionen im Ausland","Ausland","Mio. Fr.","Swiss Payment Association","wöchentlich","yes","http://monitoringconsumption.org/data"
"2020-04-30",3517,"Wirtschaft","anz_kktrans_ch_praes","Anzahl Kreditkarten-Transaktionen Präsenzgeschäft im Inland insgesamt","CH","Anzahl in Tausend","Swiss Payment Association","wöchentlich","yes","http://monitoringconsumption.org/data"
"2020-04-30",2224,"Wirtschaft","anz_kktrans_ch_praes_contactless","Anzahl kontaktlose Kreditkarten-Transaktionen Präsenzgeschäft im Inland","CH","Anzahl in Tausend","Swiss Payment Association","wöchentlich","yes","http://monitoringconsumption.org/data"
"2020-04-30",219,"Wirtschaft","betrag_kktrans_ch_praes","Betrag Kreditkarten-Transaktionen Präsenzgeschäft im Inland insgesamt","CH","Mio. Fr.","Swiss Payment Association","wöchentlich","yes","http://monitoringconsumption.org/data"
"2020-04-30",107,"Wirtschaft","betrag_kktrans_ch_praes_contactless","Betrag kontaktlose Kreditkarten-Transaktionen Präsenzgeschäft im Inland","CH","Mio. Fr.","Swiss Payment Association","wöchentlich","yes","http://monitoringconsumption.org/data"
"2020-04-30",1457,"Wirtschaft","anz_kktrans_ch_distanz","Anzahl Kreditkarten-Transaktionen Distanzgeschäft im Inland","CH","Anzahl in Tausend","Swiss Payment Association","wöchentlich","yes","http://monitoringconsumption.org/data"
"2020-04-30",159,"Wirtschaft","betrag_kktrans_ch_distanz","Betrag Kreditkarten-Transaktionen Distanzgeschäft im Inland","CH","Mio. Fr.","Swiss Payment Association","wöchentlich","yes","http://monitoringconsumption.org/data"
"2020-04-30",2150,"Wirtschaft","anz_kktrans_ausl_distanz","Anzahl Kreditkarten-Transaktionen Distanzgeschäft im Ausland","Ausland","Anzahl in Tausend","Swiss Payment Association","wöchentlich","yes","http://monitoringconsumption.org/data"
"2020-04-30",146,"Wirtschaft","betrag_kktrans_ausl_distanz","Betrag Kreditkarten-Transaktionen Distanzgeschäft im Ausland","Ausland","Mio. Fr.","Swiss Payment Association","wöchentlich","yes","http://monitoringconsumption.org/data"
"2020-05-07",5610,"Wirtschaft","anz_kktrans_ch","Anzahl Kreditkarten-Transaktionen im Inland","CH","Anzahl in Tausend","Swiss Payment Association","wöchentlich","yes","http://monitoringconsumption.org/data"
"2020-05-07",414,"Wirtschaft","betrag_kktrans_ch","Betrag Kreditkarten-Transaktionen im Inland","CH","Mio. Fr.","Swiss Payment Association","wöchentlich","yes","http://monitoringconsumption.org/data"
"2020-05-07",2444,"Wirtschaft","anz_kktrans_ausl","Anzahl Kreditkarten-Transaktionen im Ausland","Ausland","Anzahl in Tausend","Swiss Payment Association","wöchentlich","yes","http://monitoringconsumption.org/data"
"2020-05-07",158,"Wirtschaft","betrag_kktrans_ausl","Betrag Kreditkarten-Transaktionen im Ausland","Ausland","Mio. Fr.","Swiss Payment Association","wöchentlich","yes","http://monitoringconsumption.org/data"
"2020-05-07",4178,"Wirtschaft","anz_kktrans_ch_praes","Anzahl Kreditkarten-Transaktionen Präsenzgeschäft im Inland insgesamt","CH","Anzahl in Tausend","Swiss Payment Association","wöchentlich","yes","http://monitoringconsumption.org/data"
"2020-05-07",2693,"Wirtschaft","anz_kktrans_ch_praes_contactless","Anzahl kontaktlose Kreditkarten-Transaktionen Präsenzgeschäft im Inland","CH","Anzahl in Tausend","Swiss Payment Association","wöchentlich","yes","http://monitoringconsumption.org/data"
"2020-05-07",271,"Wirtschaft","betrag_kktrans_ch_praes","Betrag Kreditkarten-Transaktionen Präsenzgeschäft im Inland insgesamt","CH","Mio. Fr.","Swiss Payment Association","wöchentlich","yes","http://monitoringconsumption.org/data"
"2020-05-07",132,"Wirtschaft","betrag_kktrans_ch_praes_contactless","Betrag kontaktlose Kreditkarten-Transaktionen Präsenzgeschäft im Inland","CH","Mio. Fr.","Swiss Payment Association","wöchentlich","yes","http://monitoringconsumption.org/data"
"2020-05-07",1432,"Wirtschaft","anz_kktrans_ch_distanz","Anzahl Kreditkarten-Transaktionen Distanzgeschäft im Inland","CH","Anzahl in Tausend","Swiss Payment Association","wöchentlich","yes","http://monitoringconsumption.org/data"
"2020-05-07",143,"Wirtschaft","betrag_kktrans_ch_distanz","Betrag Kreditkarten-Transaktionen Distanzgeschäft im Inland","CH","Mio. Fr.","Swiss Payment Association","wöchentlich","yes","http://monitoringconsumption.org/data"
"2020-05-07",1868,"Wirtschaft","anz_kktrans_ausl_distanz","Anzahl Kreditkarten-Transaktionen Distanzgeschäft im Ausland","Ausland","Anzahl in Tausend","Swiss Payment Association","wöchentlich","yes","http://monitoringconsumption.org/data"
"2020-05-07",128,"Wirtschaft","betrag_kktrans_ausl_distanz","Betrag Kreditkarten-Transaktionen Distanzgeschäft im Ausland","Ausland","Mio. Fr.","Swiss Payment Association","wöchentlich","yes","http://monitoringconsumption.org/data"
"2020-05-14",6494,"Wirtschaft","anz_kktrans_ch","Anzahl Kreditkarten-Transaktionen im Inland","CH","Anzahl in Tausend","Swiss Payment Association","wöchentlich","yes","http://monitoringconsumption.org/data"
"2020-05-14",513,"Wirtschaft","betrag_kktrans_ch","Betrag Kreditkarten-Transaktionen im Inland","CH","Mio. Fr.","Swiss Payment Association","wöchentlich","yes","http://monitoringconsumption.org/data"
"2020-05-14",2449,"Wirtschaft","anz_kktrans_ausl","Anzahl Kreditkarten-Transaktionen im Ausland","Ausland","Anzahl in Tausend","Swiss Payment Association","wöchentlich","yes","http://monitoringconsumption.org/data"
"2020-05-14",158,"Wirtschaft","betrag_kktrans_ausl","Betrag Kreditkarten-Transaktionen im Ausland","Ausland","Mio. Fr.","Swiss Payment Association","wöchentlich","yes","http://monitoringconsumption.org/data"
"2020-05-14",5053,"Wirtschaft","anz_kktrans_ch_praes","Anzahl Kreditkarten-Transaktionen Präsenzgeschäft im Inland insgesamt","CH","Anzahl in Tausend","Swiss Payment Association","wöchentlich","yes","http://monitoringconsumption.org/data"
"2020-05-14",3205,"Wirtschaft","anz_kktrans_ch_praes_contactless","Anzahl kontaktlose Kreditkarten-Transaktionen Präsenzgeschäft im Inland","CH","Anzahl in Tausend","Swiss Payment Association","wöchentlich","yes","http://monitoringconsumption.org/data"
"2020-05-14",384,"Wirtschaft","betrag_kktrans_ch_praes","Betrag Kreditkarten-Transaktionen Präsenzgeschäft im Inland insgesamt","CH","Mio. Fr.","Swiss Payment Association","wöchentlich","yes","http://monitoringconsumption.org/data"
"2020-05-14",184,"Wirtschaft","betrag_kktrans_ch_praes_contactless","Betrag kontaktlose Kreditkarten-Transaktionen Präsenzgeschäft im Inland","CH","Mio. Fr.","Swiss Payment Association","wöchentlich","yes","http://monitoringconsumption.org/data"
"2020-05-14",1441,"Wirtschaft","anz_kktrans_ch_distanz","Anzahl Kreditkarten-Transaktionen Distanzgeschäft im Inland","CH","Anzahl in Tausend","Swiss Payment Association","wöchentlich","yes","http://monitoringconsumption.org/data"
"2020-05-14",128,"Wirtschaft","betrag_kktrans_ch_distanz","Betrag Kreditkarten-Transaktionen Distanzgeschäft im Inland","CH","Mio. Fr.","Swiss Payment Association","wöchentlich","yes","http://monitoringconsumption.org/data"
"2020-05-14",1850,"Wirtschaft","anz_kktrans_ausl_distanz","Anzahl Kreditkarten-Transaktionen Distanzgeschäft im Ausland","Ausland","Anzahl in Tausend","Swiss Payment Association","wöchentlich","yes","http://monitoringconsumption.org/data"
"2020-05-14",124,"Wirtschaft","betrag_kktrans_ausl_distanz","Betrag Kreditkarten-Transaktionen Distanzgeschäft im Ausland","Ausland","Mio. Fr.","Swiss Payment Association","wöchentlich","yes","http://monitoringconsumption.org/data"
"2020-05-21",6437,"Wirtschaft","anz_kktrans_ch","Anzahl Kreditkarten-Transaktionen im Inland","CH","Anzahl in Tausend","Swiss Payment Association","wöchentlich","yes","http://monitoringconsumption.org/data"
"2020-05-21",498,"Wirtschaft","betrag_kktrans_ch","Betrag Kreditkarten-Transaktionen im Inland","CH","Mio. Fr.","Swiss Payment Association","wöchentlich","yes","http://monitoringconsumption.org/data"
"2020-05-21",2536,"Wirtschaft","anz_kktrans_ausl","Anzahl Kreditkarten-Transaktionen im Ausland","Ausland","Anzahl in Tausend","Swiss Payment Association","wöchentlich","yes","http://monitoringconsumption.org/data"
"2020-05-21",168,"Wirtschaft","betrag_kktrans_ausl","Betrag Kreditkarten-Transaktionen im Ausland","Ausland","Mio. Fr.","Swiss Payment Association","wöchentlich","yes","http://monitoringconsumption.org/data"
"2020-05-21",4993,"Wirtschaft","anz_kktrans_ch_praes","Anzahl Kreditkarten-Transaktionen Präsenzgeschäft im Inland insgesamt","CH","Anzahl in Tausend","Swiss Payment Association","wöchentlich","yes","http://monitoringconsumption.org/data"
"2020-05-21",3218,"Wirtschaft","anz_kktrans_ch_praes_contactless","Anzahl kontaktlose Kreditkarten-Transaktionen Präsenzgeschäft im Inland","CH","Anzahl in Tausend","Swiss Payment Association","wöchentlich","yes","http://monitoringconsumption.org/data"
"2020-05-21",379,"Wirtschaft","betrag_kktrans_ch_praes","Betrag Kreditkarten-Transaktionen Präsenzgeschäft im Inland insgesamt","CH","Mio. Fr.","Swiss Payment Association","wöchentlich","yes","http://monitoringconsumption.org/data"
"2020-05-21",186,"Wirtschaft","betrag_kktrans_ch_praes_contactless","Betrag kontaktlose Kreditkarten-Transaktionen Präsenzgeschäft im Inland","CH","Mio. Fr.","Swiss Payment Association","wöchentlich","yes","http://monitoringconsumption.org/data"
"2020-05-21",1444,"Wirtschaft","anz_kktrans_ch_distanz","Anzahl Kreditkarten-Transaktionen Distanzgeschäft im Inland","CH","Anzahl in Tausend","Swiss Payment Association","wöchentlich","yes","http://monitoringconsumption.org/data"
"2020-05-21",120,"Wirtschaft","betrag_kktrans_ch_distanz","Betrag Kreditkarten-Transaktionen Distanzgeschäft im Inland","CH","Mio. Fr.","Swiss Payment Association","wöchentlich","yes","http://monitoringconsumption.org/data"
"2020-05-21",1863,"Wirtschaft","anz_kktrans_ausl_distanz","Anzahl Kreditkarten-Transaktionen Distanzgeschäft im Ausland","Ausland","Anzahl in Tausend","Swiss Payment Association","wöchentlich","yes","http://monitoringconsumption.org/data"
"2020-05-21",127,"Wirtschaft","betrag_kktrans_ausl_distanz","Betrag Kreditkarten-Transaktionen Distanzgeschäft im Ausland","Ausland","Mio. Fr.","Swiss Payment Association","wöchentlich","yes","http://monitoringconsumption.org/data"
"2020-05-28",6553,"Wirtschaft","anz_kktrans_ch","Anzahl Kreditkarten-Transaktionen im Inland","CH","Anzahl in Tausend","Swiss Payment Association","wöchentlich","yes","http://monitoringconsumption.org/data"
"2020-05-28",507,"Wirtschaft","betrag_kktrans_ch","Betrag Kreditkarten-Transaktionen im Inland","CH","Mio. Fr.","Swiss Payment Association","wöchentlich","yes","http://monitoringconsumption.org/data"
"2020-05-28",2620,"Wirtschaft","anz_kktrans_ausl","Anzahl Kreditkarten-Transaktionen im Ausland","Ausland","Anzahl in Tausend","Swiss Payment Association","wöchentlich","yes","http://monitoringconsumption.org/data"
"2020-05-28",187,"Wirtschaft","betrag_kktrans_ausl","Betrag Kreditkarten-Transaktionen im Ausland","Ausland","Mio. Fr.","Swiss Payment Association","wöchentlich","yes","http://monitoringconsumption.org/data"
"2020-05-28",5015,"Wirtschaft","anz_kktrans_ch_praes","Anzahl Kreditkarten-Transaktionen Präsenzgeschäft im Inland insgesamt","CH","Anzahl in Tausend","Swiss Payment Association","wöchentlich","yes","http://monitoringconsumption.org/data"
"2020-05-28",3254,"Wirtschaft","anz_kktrans_ch_praes_contactless","Anzahl kontaktlose Kreditkarten-Transaktionen Präsenzgeschäft im Inland","CH","Anzahl in Tausend","Swiss Payment Association","wöchentlich","yes","http://monitoringconsumption.org/data"
"2020-05-28",380,"Wirtschaft","betrag_kktrans_ch_praes","Betrag Kreditkarten-Transaktionen Präsenzgeschäft im Inland insgesamt","CH","Mio. Fr.","Swiss Payment Association","wöchentlich","yes","http://monitoringconsumption.org/data"
"2020-05-28",187,"Wirtschaft","betrag_kktrans_ch_praes_contactless","Betrag kontaktlose Kreditkarten-Transaktionen Präsenzgeschäft im Inland","CH","Mio. Fr.","Swiss Payment Association","wöchentlich","yes","http://monitoringconsumption.org/data"
"2020-05-28",1536,"Wirtschaft","anz_kktrans_ch_distanz","Anzahl Kreditkarten-Transaktionen Distanzgeschäft im Inland","CH","Anzahl in Tausend","Swiss Payment Association","wöchentlich","yes","http://monitoringconsumption.org/data"
"2020-05-28",128,"Wirtschaft","betrag_kktrans_ch_distanz","Betrag Kreditkarten-Transaktionen Distanzgeschäft im Inland","CH","Mio. Fr.","Swiss Payment Association","wöchentlich","yes","http://monitoringconsumption.org/data"
"2020-05-28",1928,"Wirtschaft","anz_kktrans_ausl_distanz","Anzahl Kreditkarten-Transaktionen Distanzgeschäft im Ausland","Ausland","Anzahl in Tausend","Swiss Payment Association","wöchentlich","yes","http://monitoringconsumption.org/data"
"2020-05-28",144,"Wirtschaft","betrag_kktrans_ausl_distanz","Betrag Kreditkarten-Transaktionen Distanzgeschäft im Ausland","Ausland","Mio. Fr.","Swiss Payment Association","wöchentlich","yes","http://monitoringconsumption.org/data"
"2020-06-04",6700,"Wirtschaft","anz_kktrans_ch","Anzahl Kreditkarten-Transaktionen im Inland","CH","Anzahl in Tausend","Swiss Payment Association","wöchentlich","yes","http://monitoringconsumption.org/data"
"2020-06-04",514,"Wirtschaft","betrag_kktrans_ch","Betrag Kreditkarten-Transaktionen im Inland","CH","Mio. Fr.","Swiss Payment Association","wöchentlich","yes","http://monitoringconsumption.org/data"
"2020-06-04",2837,"Wirtschaft","anz_kktrans_ausl","Anzahl Kreditkarten-Transaktionen im Ausland","Ausland","Anzahl in Tausend","Swiss Payment Association","wöchentlich","yes","http://monitoringconsumption.org/data"
"2020-06-04",213,"Wirtschaft","betrag_kktrans_ausl","Betrag Kreditkarten-Transaktionen im Ausland","Ausland","Mio. Fr.","Swiss Payment Association","wöchentlich","yes","http://monitoringconsumption.org/data"
"2020-06-04",5081,"Wirtschaft","anz_kktrans_ch_praes","Anzahl Kreditkarten-Transaktionen Präsenzgeschäft im Inland insgesamt","CH","Anzahl in Tausend","Swiss Payment Association","wöchentlich","yes","http://monitoringconsumption.org/data"
"2020-06-04",3346,"Wirtschaft","anz_kktrans_ch_praes_contactless","Anzahl kontaktlose Kreditkarten-Transaktionen Präsenzgeschäft im Inland","CH","Anzahl in Tausend","Swiss Payment Association","wöchentlich","yes","http://monitoringconsumption.org/data"
"2020-06-04",373,"Wirtschaft","betrag_kktrans_ch_praes","Betrag Kreditkarten-Transaktionen Präsenzgeschäft im Inland insgesamt","CH","Mio. Fr.","Swiss Payment Association","wöchentlich","yes","http://monitoringconsumption.org/data"
"2020-06-04",184,"Wirtschaft","betrag_kktrans_ch_praes_contactless","Betrag kontaktlose Kreditkarten-Transaktionen Präsenzgeschäft im Inland","CH","Mio. Fr.","Swiss Payment Association","wöchentlich","yes","http://monitoringconsumption.org/data"
"2020-06-04",1619,"Wirtschaft","anz_kktrans_ch_distanz","Anzahl Kreditkarten-Transaktionen Distanzgeschäft im Inland","CH","Anzahl in Tausend","Swiss Payment Association","wöchentlich","yes","http://monitoringconsumption.org/data"
"2020-06-04",142,"Wirtschaft","betrag_kktrans_ch_distanz","Betrag Kreditkarten-Transaktionen Distanzgeschäft im Inland","CH","Mio. Fr.","Swiss Payment Association","wöchentlich","yes","http://monitoringconsumption.org/data"
"2020-06-04",2090,"Wirtschaft","anz_kktrans_ausl_distanz","Anzahl Kreditkarten-Transaktionen Distanzgeschäft im Ausland","Ausland","Anzahl in Tausend","Swiss Payment Association","wöchentlich","yes","http://monitoringconsumption.org/data"
"2020-06-04",164,"Wirtschaft","betrag_kktrans_ausl_distanz","Betrag Kreditkarten-Transaktionen Distanzgeschäft im Ausland","Ausland","Mio. Fr.","Swiss Payment Association","wöchentlich","yes","http://monitoringconsumption.org/data"
"2020-06-11",6897,"Wirtschaft","anz_kktrans_ch","Anzahl Kreditkarten-Transaktionen im Inland","CH","Anzahl in Tausend","Swiss Payment Association","wöchentlich","yes","http://monitoringconsumption.org/data"
"2020-06-11",503,"Wirtschaft","betrag_kktrans_ch","Betrag Kreditkarten-Transaktionen im Inland","CH","Mio. Fr.","Swiss Payment Association","wöchentlich","yes","http://monitoringconsumption.org/data"
"2020-06-11",2870,"Wirtschaft","anz_kktrans_ausl","Anzahl Kreditkarten-Transaktionen im Ausland","Ausland","Anzahl in Tausend","Swiss Payment Association","wöchentlich","yes","http://monitoringconsumption.org/data"
"2020-06-11",223,"Wirtschaft","betrag_kktrans_ausl","Betrag Kreditkarten-Transaktionen im Ausland","Ausland","Mio. Fr.","Swiss Payment Association","wöchentlich","yes","http://monitoringconsumption.org/data"
"2020-06-11",5245,"Wirtschaft","anz_kktrans_ch_praes","Anzahl Kreditkarten-Transaktionen Präsenzgeschäft im Inland insgesamt","CH","Anzahl in Tausend","Swiss Payment Association","wöchentlich","yes","http://monitoringconsumption.org/data"
"2020-06-11",3465,"Wirtschaft","anz_kktrans_ch_praes_contactless","Anzahl kontaktlose Kreditkarten-Transaktionen Präsenzgeschäft im Inland","CH","Anzahl in Tausend","Swiss Payment Association","wöchentlich","yes","http://monitoringconsumption.org/data"
"2020-06-11",375,"Wirtschaft","betrag_kktrans_ch_praes","Betrag Kreditkarten-Transaktionen Präsenzgeschäft im Inland insgesamt","CH","Mio. Fr.","Swiss Payment Association","wöchentlich","yes","http://monitoringconsumption.org/data"
"2020-06-11",187,"Wirtschaft","betrag_kktrans_ch_praes_contactless","Betrag kontaktlose Kreditkarten-Transaktionen Präsenzgeschäft im Inland","CH","Mio. Fr.","Swiss Payment Association","wöchentlich","yes","http://monitoringconsumption.org/data"
"2020-06-11",1651,"Wirtschaft","anz_kktrans_ch_distanz","Anzahl Kreditkarten-Transaktionen Distanzgeschäft im Inland","CH","Anzahl in Tausend","Swiss Payment Association","wöchentlich","yes","http://monitoringconsumption.org/data"
"2020-06-11",128,"Wirtschaft","betrag_kktrans_ch_distanz","Betrag Kreditkarten-Transaktionen Distanzgeschäft im Inland","CH","Mio. Fr.","Swiss Payment Association","wöchentlich","yes","http://monitoringconsumption.org/data"
"2020-06-11",2004,"Wirtschaft","anz_kktrans_ausl_distanz","Anzahl Kreditkarten-Transaktionen Distanzgeschäft im Ausland","Ausland","Anzahl in Tausend","Swiss Payment Association","wöchentlich","yes","http://monitoringconsumption.org/data"
"2020-06-11",162,"Wirtschaft","betrag_kktrans_ausl_distanz","Betrag Kreditkarten-Transaktionen Distanzgeschäft im Ausland","Ausland","Mio. Fr.","Swiss Payment Association","wöchentlich","yes","http://monitoringconsumption.org/data"
"2020-06-18",7014,"Wirtschaft","anz_kktrans_ch","Anzahl Kreditkarten-Transaktionen im Inland","CH","Anzahl in Tausend","Swiss Payment Association","wöchentlich","yes","http://monitoringconsumption.org/data"
"2020-06-18",499,"Wirtschaft","betrag_kktrans_ch","Betrag Kreditkarten-Transaktionen im Inland","CH","Mio. Fr.","Swiss Payment Association","wöchentlich","yes","http://monitoringconsumption.org/data"
"2020-06-18",3216,"Wirtschaft","anz_kktrans_ausl","Anzahl Kreditkarten-Transaktionen im Ausland","Ausland","Anzahl in Tausend","Swiss Payment Association","wöchentlich","yes","http://monitoringconsumption.org/data"
"2020-06-18",259,"Wirtschaft","betrag_kktrans_ausl","Betrag Kreditkarten-Transaktionen im Ausland","Ausland","Mio. Fr.","Swiss Payment Association","wöchentlich","yes","http://monitoringconsumption.org/data"
"2020-06-18",5376,"Wirtschaft","anz_kktrans_ch_praes","Anzahl Kreditkarten-Transaktionen Präsenzgeschäft im Inland insgesamt","CH","Anzahl in Tausend","Swiss Payment Association","wöchentlich","yes","http://monitoringconsumption.org/data"
"2020-06-18",3552,"Wirtschaft","anz_kktrans_ch_praes_contactless","Anzahl kontaktlose Kreditkarten-Transaktionen Präsenzgeschäft im Inland","CH","Anzahl in Tausend","Swiss Payment Association","wöchentlich","yes","http://monitoringconsumption.org/data"
"2020-06-18",377,"Wirtschaft","betrag_kktrans_ch_praes","Betrag Kreditkarten-Transaktionen Präsenzgeschäft im Inland insgesamt","CH","Mio. Fr.","Swiss Payment Association","wöchentlich","yes","http://monitoringconsumption.org/data"
"2020-06-18",187,"Wirtschaft","betrag_kktrans_ch_praes_contactless","Betrag kontaktlose Kreditkarten-Transaktionen Präsenzgeschäft im Inland","CH","Mio. Fr.","Swiss Payment Association","wöchentlich","yes","http://monitoringconsumption.org/data"
"2020-06-18",1637,"Wirtschaft","anz_kktrans_ch_distanz","Anzahl Kreditkarten-Transaktionen Distanzgeschäft im Inland","CH","Anzahl in Tausend","Swiss Payment Association","wöchentlich","yes","http://monitoringconsumption.org/data"
"2020-06-18",121,"Wirtschaft","betrag_kktrans_ch_distanz","Betrag Kreditkarten-Transaktionen Distanzgeschäft im Inland","CH","Mio. Fr.","Swiss Payment Association","wöchentlich","yes","http://monitoringconsumption.org/data"
"2020-06-18",1968,"Wirtschaft","anz_kktrans_ausl_distanz","Anzahl Kreditkarten-Transaktionen Distanzgeschäft im Ausland","Ausland","Anzahl in Tausend","Swiss Payment Association","wöchentlich","yes","http://monitoringconsumption.org/data"
"2020-06-18",156,"Wirtschaft","betrag_kktrans_ausl_distanz","Betrag Kreditkarten-Transaktionen Distanzgeschäft im Ausland","Ausland","Mio. Fr.","Swiss Payment Association","wöchentlich","yes","http://monitoringconsumption.org/data"
"2020-06-25",7109,"Wirtschaft","anz_kktrans_ch","Anzahl Kreditkarten-Transaktionen im Inland","CH","Anzahl in Tausend","Swiss Payment Association","wöchentlich","yes","http://monitoringconsumption.org/data"
"2020-06-25",514,"Wirtschaft","betrag_kktrans_ch","Betrag Kreditkarten-Transaktionen im Inland","CH","Mio. Fr.","Swiss Payment Association","wöchentlich","yes","http://monitoringconsumption.org/data"
"2020-06-25",3439,"Wirtschaft","anz_kktrans_ausl","Anzahl Kreditkarten-Transaktionen im Ausland","Ausland","Anzahl in Tausend","Swiss Payment Association","wöchentlich","yes","http://monitoringconsumption.org/data"
"2020-06-25",279,"Wirtschaft","betrag_kktrans_ausl","Betrag Kreditkarten-Transaktionen im Ausland","Ausland","Mio. Fr.","Swiss Payment Association","wöchentlich","yes","http://monitoringconsumption.org/data"
"2020-06-25",5378,"Wirtschaft","anz_kktrans_ch_praes","Anzahl Kreditkarten-Transaktionen Präsenzgeschäft im Inland insgesamt","CH","Anzahl in Tausend","Swiss Payment Association","wöchentlich","yes","http://monitoringconsumption.org/data"
"2020-06-25",3570,"Wirtschaft","anz_kktrans_ch_praes_contactless","Anzahl kontaktlose Kreditkarten-Transaktionen Präsenzgeschäft im Inland","CH","Anzahl in Tausend","Swiss Payment Association","wöchentlich","yes","http://monitoringconsumption.org/data"
"2020-06-25",386,"Wirtschaft","betrag_kktrans_ch_praes","Betrag Kreditkarten-Transaktionen Präsenzgeschäft im Inland insgesamt","CH","Mio. Fr.","Swiss Payment Association","wöchentlich","yes","http://monitoringconsumption.org/data"
"2020-06-25",192,"Wirtschaft","betrag_kktrans_ch_praes_contactless","Betrag kontaktlose Kreditkarten-Transaktionen Präsenzgeschäft im Inland","CH","Mio. Fr.","Swiss Payment Association","wöchentlich","yes","http://monitoringconsumption.org/data"
"2020-06-25",1731,"Wirtschaft","anz_kktrans_ch_distanz","Anzahl Kreditkarten-Transaktionen Distanzgeschäft im Inland","CH","Anzahl in Tausend","Swiss Payment Association","wöchentlich","yes","http://monitoringconsumption.org/data"
"2020-06-25",128,"Wirtschaft","betrag_kktrans_ch_distanz","Betrag Kreditkarten-Transaktionen Distanzgeschäft im Inland","CH","Mio. Fr.","Swiss Payment Association","wöchentlich","yes","http://monitoringconsumption.org/data"
"2020-06-25",2049,"Wirtschaft","anz_kktrans_ausl_distanz","Anzahl Kreditkarten-Transaktionen Distanzgeschäft im Ausland","Ausland","Anzahl in Tausend","Swiss Payment Association","wöchentlich","yes","http://monitoringconsumption.org/data"
"2020-06-25",165,"Wirtschaft","betrag_kktrans_ausl_distanz","Betrag Kreditkarten-Transaktionen Distanzgeschäft im Ausland","Ausland","Mio. Fr.","Swiss Payment Association","wöchentlich","yes","http://monitoringconsumption.org/data"
"2020-07-02",7224,"Wirtschaft","anz_kktrans_ch","Anzahl Kreditkarten-Transaktionen im Inland","CH","Anzahl in Tausend","Swiss Payment Association","wöchentlich","yes","http://monitoringconsumption.org/data"
"2020-07-02",521,"Wirtschaft","betrag_kktrans_ch","Betrag Kreditkarten-Transaktionen im Inland","CH","Mio. Fr.","Swiss Payment Association","wöchentlich","yes","http://monitoringconsumption.org/data"
"2020-07-02",3589,"Wirtschaft","anz_kktrans_ausl","Anzahl Kreditkarten-Transaktionen im Ausland","Ausland","Anzahl in Tausend","Swiss Payment Association","wöchentlich","yes","http://monitoringconsumption.org/data"
"2020-07-02",279,"Wirtschaft","betrag_kktrans_ausl","Betrag Kreditkarten-Transaktionen im Ausland","Ausland","Mio. Fr.","Swiss Payment Association","wöchentlich","yes","http://monitoringconsumption.org/data"
"2020-07-02",5431,"Wirtschaft","anz_kktrans_ch_praes","Anzahl Kreditkarten-Transaktionen Präsenzgeschäft im Inland insgesamt","CH","Anzahl in Tausend","Swiss Payment Association","wöchentlich","yes","http://monitoringconsumption.org/data"
"2020-07-02",3633,"Wirtschaft","anz_kktrans_ch_praes_contactless","Anzahl kontaktlose Kreditkarten-Transaktionen Präsenzgeschäft im Inland","CH","Anzahl in Tausend","Swiss Payment Association","wöchentlich","yes","http://monitoringconsumption.org/data"
"2020-07-02",385,"Wirtschaft","betrag_kktrans_ch_praes","Betrag Kreditkarten-Transaktionen Präsenzgeschäft im Inland insgesamt","CH","Mio. Fr.","Swiss Payment Association","wöchentlich","yes","http://monitoringconsumption.org/data"
"2020-07-02",193,"Wirtschaft","betrag_kktrans_ch_praes_contactless","Betrag kontaktlose Kreditkarten-Transaktionen Präsenzgeschäft im Inland","CH","Mio. Fr.","Swiss Payment Association","wöchentlich","yes","http://monitoringconsumption.org/data"
"2020-07-02",1793,"Wirtschaft","anz_kktrans_ch_distanz","Anzahl Kreditkarten-Transaktionen Distanzgeschäft im Inland","CH","Anzahl in Tausend","Swiss Payment Association","wöchentlich","yes","http://monitoringconsumption.org/data"
"2020-07-02",135,"Wirtschaft","betrag_kktrans_ch_distanz","Betrag Kreditkarten-Transaktionen Distanzgeschäft im Inland","CH","Mio. Fr.","Swiss Payment Association","wöchentlich","yes","http://monitoringconsumption.org/data"
"2020-07-02",2080,"Wirtschaft","anz_kktrans_ausl_distanz","Anzahl Kreditkarten-Transaktionen Distanzgeschäft im Ausland","Ausland","Anzahl in Tausend","Swiss Payment Association","wöchentlich","yes","http://monitoringconsumption.org/data"
"2020-07-02",155,"Wirtschaft","betrag_kktrans_ausl_distanz","Betrag Kreditkarten-Transaktionen Distanzgeschäft im Ausland","Ausland","Mio. Fr.","Swiss Payment Association","wöchentlich","yes","http://monitoringconsumption.org/data"
